"conversation_id_str","created_at","favorite_count","full_text","id_str","image_url","in_reply_to_screen_name","lang","location","quote_count","reply_count","retweet_count","tweet_url","user_id_str","username"
"1869373806009069876","Wed Dec 18 13:27:01 +0000 2024","19","itb! Dasar manusia social butterfly dah ngehancurin nama baik orang ngebuat orang down nyebarin rumor ga bener tapi di rl ngerasa paling suci seakan ga ngelakuin apa-apa. Sehat-sehat ya kamu semoga kuliahnya lancar!","1869373806009069876","","","in","Ganesha, Jatinangor, Cirebon","1","0","0","https://x.com/DraftAnakITB/status/1869373806009069876","1804409229442453505","DraftAnakITB"
"1869373690636321042","Wed Dec 18 13:26:33 +0000 2024","0","bucin! jaraula gemas amat tiduran di bento wkwkwkwk","1869373690636321042","","","in","Ganesha, Jatinangor, Cirebon","0","1","0","https://x.com/DraftAnakITB/status/1869373690636321042","1804409229442453505","DraftAnakITB"
"1869362626121138211","Wed Dec 18 12:42:35 +0000 2024","2","maba! Tolong infokan dokter yg bisa booster vit c sekitaran nangor tia all","1869362626121138211","","","in","Ganesha, Jatinangor, Cirebon","0","1","0","https://x.com/DraftAnakITB/status/1869362626121138211","1804409229442453505","DraftAnakITB"
"1869361984744886428","Wed Dec 18 12:40:02 +0000 2024","58","itb! susah yaaa mau wujudin strangers to lovers ini ","1869361984744886428","","","in","Ganesha, Jatinangor, Cirebon","10","0","6","https://x.com/DraftAnakITB/status/1869361984744886428","1804409229442453505","DraftAnakITB"
"1869360703498305805","Wed Dec 18 12:34:57 +0000 2024","25","bucin! kangen banget tapi sekarang udah jadi asing.","1869360703498305805","","","in","Ganesha, Jatinangor, Cirebon","4","1","7","https://x.com/DraftAnakITB/status/1869360703498305805","1804409229442453505","DraftAnakITB"
"1869360207731532064","Wed Dec 18 12:32:59 +0000 2024","17","itb! kakak RIL mau tanya dong kalau kelas nya full di nangor atau ada yang di gane juga ka? aku lagi mempertimbangkan bakal pp soalnya aku org bandung","1869360207731532064","","","in","Ganesha, Jatinangor, Cirebon","3","5","1","https://x.com/DraftAnakITB/status/1869360207731532064","1804409229442453505","DraftAnakITB"
"1869359143850520900","Wed Dec 18 12:28:45 +0000 2024","5","maba! sender besok kuiz matdas katanya pake soal quiz 2018. kalo kakak sekalian ada yg punya bagi dongg","1869359143850520900","","","in","Ganesha, Jatinangor, Cirebon","0","1","3","https://x.com/DraftAnakITB/status/1869359143850520900","1804409229442453505","DraftAnakITB"
"1869357982338695333","Wed Dec 18 12:24:08 +0000 2024","1","itb! Rekomendasi toko kue ulang tahun di nagor yg bisa delivery dongg","1869357982338695333","","","in","Ganesha, Jatinangor, Cirebon","0","0","0","https://x.com/DraftAnakITB/status/1869357982338695333","1804409229442453505","DraftAnakITB"
"1869353546321170739","Wed Dec 18 12:06:31 +0000 2024","1","bucin! 090 stei-r ckep amat kosong ga?","1869353546321170739","","","in","Ganesha, Jatinangor, Cirebon","2","2","0","https://x.com/DraftAnakITB/status/1869353546321170739","1804409229442453505","DraftAnakITB"
"1869350844115615795","Wed Dec 18 11:55:46 +0000 2024","10","bucin! penasaran kalian tipe yang bisa friends to lovers atau nggak? (bismillah target pasar reply )","1869350844115615795","","","in","Ganesha, Jatinangor, Cirebon","1","5","0","https://x.com/DraftAnakITB/status/1869350844115615795","1804409229442453505","DraftAnakITB"
"1869342835608092968","Wed Dec 18 11:23:57 +0000 2024","57","itb! denger denger ada himpunan yang ga terima kalah final olim km terus pake ngancem himpunan lawan yaa supaya mau rematch?? ","1869342835608092968","","","in","Ganesha, Jatinangor, Cirebon","14","7","3","https://x.com/DraftAnakITB/status/1869342835608092968","1804409229442453505","DraftAnakITB"
"1869341435054485886","Wed Dec 18 11:18:23 +0000 2024","9","itb! please buat yang jualan cookies di gku 3 tolong stock lagi dong udah habis nih bm banget dari kemaren belom ke sampean beli maba!","1869341435054485886","","","in","Ganesha, Jatinangor, Cirebon","1","0","0","https://x.com/DraftAnakITB/status/1869341435054485886","1804409229442453505","DraftAnakITB"
"1869338657812861351","Wed Dec 18 11:07:21 +0000 2024","0","bucin! Pemain futsal ftmd no 23 udah ada yg punya belom? Pas main kemaren keren bangett soalnyaa pengen kenalann","1869338657812861351","","","in","Ganesha, Jatinangor, Cirebon","1","1","0","https://x.com/DraftAnakITB/status/1869338657812861351","1804409229442453505","DraftAnakITB"
"1869337488306700322","Wed Dec 18 11:02:42 +0000 2024","25","itb! kalau dimintain foto naked sama pacar nolaknya harus gimana plis sender takut :(","1869337488306700322","","","in","Ganesha, Jatinangor, Cirebon","3","17","0","https://x.com/DraftAnakITB/status/1869337488306700322","1804409229442453505","DraftAnakITB"
"1869334499479158946","Wed Dec 18 10:50:49 +0000 2024","1","itb! Lagi butuh orang yang bisa ngerakit alat pendeteksi zat buat lomba PKM nih. Kalo minat / mau tanya2 retweet postingan ini yaa.","1869334499479158946","","","in","Ganesha, Jatinangor, Cirebon","1","0","0","https://x.com/DraftAnakITB/status/1869334499479158946","1804409229442453505","DraftAnakITB"
"1869326680264761671","Wed Dec 18 10:19:45 +0000 2024","3","itb! emang ada chat/bot anonym yg isinya anak itb doang?? apa ya namanya","1869326680264761671","","","in","Ganesha, Jatinangor, Cirebon","0","1","0","https://x.com/DraftAnakITB/status/1869326680264761671","1804409229442453505","DraftAnakITB"
"1869089252237029382","Tue Dec 17 18:36:18 +0000 2024","0","bucin! fitb 249 udah ada yang ditaksir belum siiih?","1869089252237029382","","","in","Ganesha, Jatinangor, Cirebon","3","0","0","https://x.com/DraftAnakITB/status/1869089252237029382","1804409229442453505","DraftAnakITB"
"1869065790726521155","Tue Dec 17 17:03:04 +0000 2024","22","itb! cape juga ya harus liat muka kamu terus pengen di aja boleh nga please banget udah emosi liatnya","1869065790726521155","","","in","Ganesha, Jatinangor, Cirebon","3","0","6","https://x.com/DraftAnakITB/status/1869065790726521155","1804409229442453505","DraftAnakITB"
"1869059593965318232","Tue Dec 17 16:38:27 +0000 2024","4","maba! guys ada yg bisa ditanya-tanyain ttg kimia gakkk","1869059593965318232","","","in","Ganesha, Jatinangor, Cirebon","0","0","0","https://x.com/DraftAnakITB/status/1869059593965318232","1804409229442453505","DraftAnakITB"
"1869032630047375405","Tue Dec 17 14:51:18 +0000 2024","9","Ajarin cara nyari topik yang asik di itb! anon bot dong masa cuman halo halo doang terus sunyi","1869032630047375405","","","in","Ganesha, Jatinangor, Cirebon","1","3","0","https://x.com/DraftAnakITB/status/1869032630047375405","1804409229442453505","DraftAnakITB"
"1868644691643650070","Mon Dec 16 13:09:46 +0000 2024","45","maba! oknum fttm24 berani beraninya nyenggol daerah kalo ada mahasiswa atau alumni yg tersinggung dari daerah tersebut bagaimana ya?","1868644691643650070","","","in","Ganesha, Jatinangor, Cirebon","3","5","0","https://x.com/DraftAnakITB/status/1868644691643650070","1804409229442453505","DraftAnakITB"
"1868643598494806453","Mon Dec 16 13:05:26 +0000 2024","20","itb! genuienely asking ada gasih anak fakul lain yang mau temenan sama si oknum problematik ini? kasian aja liatnya yang mau temenan sama doi cuma anak fakultasnya itupun ga semua ","1868643598494806453","","","in","Ganesha, Jatinangor, Cirebon","1","0","0","https://x.com/DraftAnakITB/status/1868643598494806453","1804409229442453505","DraftAnakITB"
"1868641629143187617","Mon Dec 16 12:57:36 +0000 2024","34","itb! gimana ya rasanya jadi musuh massa tpb","1868641629143187617","","","in","Ganesha, Jatinangor, Cirebon","7","2","0","https://x.com/DraftAnakITB/status/1868641629143187617","1804409229442453505","DraftAnakITB"
"1868637998771789892","Mon Dec 16 12:43:11 +0000 2024","0","bucin! 11223008 udah punya pacar blom?","1868637998771789892","","","in","Ganesha, Jatinangor, Cirebon","2","0","0","https://x.com/DraftAnakITB/status/1868637998771789892","1804409229442453505","DraftAnakITB"
"1868618657342865576","Mon Dec 16 11:26:19 +0000 2024","0","itb! yang punya kapur tohor bongkahan lebih atau sisaan pls repp mau belii urgent buat besok","1868618657342865576","","","in","Ganesha, Jatinangor, Cirebon","0","3","0","https://x.com/DraftAnakITB/status/1868618657342865576","1804409229442453505","DraftAnakITB"
"1868606725286236348","Mon Dec 16 10:38:54 +0000 2024","3","itb! itbparkir! misuh!","1868606725286236348","","","in","Ganesha, Jatinangor, Cirebon","0","0","0","https://x.com/DraftAnakITB/status/1868606725286236348","1804409229442453505","DraftAnakITB"
"1868605635085893872","Mon Dec 16 10:34:35 +0000 2024","12","maba! klo di reply sama acc @Yappingaja mending diem aja belajarr udah mau uas mending gunain wkt kita for something more useful ","1868605635085893872","","","in","Ganesha, Jatinangor, Cirebon","1","1","1","https://x.com/DraftAnakITB/status/1868605635085893872","1804409229442453505","DraftAnakITB"
"1868598737456570862","Mon Dec 16 10:07:10 +0000 2024","17","bucin! that might be the last time i'll ever see you but you probably didn't care :) whatever it was that i did im sorry and i wish for us to never cross path ever again for the better. Goodbye ell","1868598737456570862","","","en","Ganesha, Jatinangor, Cirebon","2","1","2","https://x.com/DraftAnakITB/status/1868598737456570862","1804409229442453505","DraftAnakITB"
"1868350392213426661","Sun Dec 15 17:40:20 +0000 2024","28","maba! infokan jadwal tutor kimia asrama / scl bersama dong butuh bgttt","1868350392213426661","","","in","Ganesha, Jatinangor, Cirebon","0","1","1","https://x.com/DraftAnakITB/status/1868350392213426661","1804409229442453505","DraftAnakITB"
"1868275370329309228","Sun Dec 15 12:42:13 +0000 2024","15","Heyyo Massa Kampus Ganesha Fundraise konser KPA itb! 2025 bakalan open jastip Mochi Papaya nihh‚ÄºÔ∏è‚ÄºÔ∏è Masa iyaa gaikut PO... kapan lagi makan mochi papaya tanpa harus ke tempatnya langsunggg Cuma 15k lohh lesgoo pesenn dar der door‚ÄºÔ∏è","1868275370329309228","","","in","Ganesha, Jatinangor, Cirebon","3","1","5","https://x.com/DraftAnakITB/status/1868275370329309228","1804409229442453505","DraftAnakITB"
"1868274558144307560","Sun Dec 15 12:39:00 +0000 2024","21","itb! bucin! misuh! Ramein anon itb ini dong! https://t.co/EsM48F9cvl","1868274558144307560","https://pbs.twimg.com/media/Ge1xzvWWoAAsdQq.jpg","","in","Ganesha, Jatinangor, Cirebon","0","0","0","https://x.com/DraftAnakITB/status/1868274558144307560","1804409229442453505","DraftAnakITB"
"1868266064385077740","Sun Dec 15 12:05:15 +0000 2024","0","bucin! Cowo nopung 1 keren banget tadi","1868266064385077740","","","in","Ganesha, Jatinangor, Cirebon","0","0","0","https://x.com/DraftAnakITB/status/1868266064385077740","1804409229442453505","DraftAnakITB"
"1868262257722859826","Sun Dec 15 11:50:07 +0000 2024","91","bucin! cowok teknik juga butuh cowok sains ","1868262257722859826","","","in","Ganesha, Jatinangor, Cirebon","34","47","3","https://x.com/DraftAnakITB/status/1868262257722859826","1804409229442453505","DraftAnakITB"
"1868260561370145117","Sun Dec 15 11:43:23 +0000 2024","1","bucin! cowo futsal immg nopung 9 dah punya cewe ya?","1868260561370145117","","","in","Ganesha, Jatinangor, Cirebon","1","0","0","https://x.com/DraftAnakITB/status/1868260561370145117","1804409229442453505","DraftAnakITB"
"1868260473931534344","Sun Dec 15 11:43:02 +0000 2024","63","itb! Ada yg punya catatan tpb lengkap materi fisika / kimia setelah UTS ? need bgt .. thankyou","1868260473931534344","","","in","Ganesha, Jatinangor, Cirebon","0","1","6","https://x.com/DraftAnakITB/status/1868260473931534344","1804409229442453505","DraftAnakITB"
"1868254992726958358","Sun Dec 15 11:21:15 +0000 2024","11","You're complete. You don't need me. But that's not the only reason why I left. And you knew that already. Not bucin! Just thinking aloud.","1868254992726958358","","","en","Ganesha, Jatinangor, Cirebon","0","0","0","https://x.com/DraftAnakITB/status/1868254992726958358","1804409229442453505","DraftAnakITB"
"1868254787407372368","Sun Dec 15 11:20:26 +0000 2024","12","bucin! Sebelum semester ini berakhir aku pengen membuat kenangan sebanyak mungkin denganmu. Terima kasih telah memotivasiku untuk terus belajar dan menjadi lebih baik. ","1868254787407372368","","","in","Ganesha, Jatinangor, Cirebon","0","0","1","https://x.com/DraftAnakITB/status/1868254787407372368","1804409229442453505","DraftAnakITB"
"1868244838434447711","Sun Dec 15 10:40:54 +0000 2024","19","itb! liat pelmud oprec jd pgn ikut deh tp msi bingung ktnya nnti disuruh nyari qr gtu ya kalau mau daftar?? seru gak siih? Butuh review jujur","1868244838434447711","","","in","Ganesha, Jatinangor, Cirebon","1","5","1","https://x.com/DraftAnakITB/status/1868244838434447711","1804409229442453505","DraftAnakITB"
"1868239090602160430","Sun Dec 15 10:18:04 +0000 2024","41","bucin! sayang doang tp ga dipacarin buat apa?? kocak bet lu","1868239090602160430","","","in","Ganesha, Jatinangor, Cirebon","2","2","1","https://x.com/DraftAnakITB/status/1868239090602160430","1804409229442453505","DraftAnakITB"
"1868238314655871043","Sun Dec 15 10:14:59 +0000 2024","39","itb! WOI SEMUAA BANGUNN PELITA MUDA AKHIRNYA OPREC!! CARA DAFTARNYA ADA DI SG @pelitamuda.itb AYO WEH TEMENIN SENDER DAFTAR https://t.co/gIad5wAuI9","1868238314655871043","https://pbs.twimg.com/media/Ge1Q2IgXcAA2lN7.jpg","","in","Ganesha, Jatinangor, Cirebon","6","8","4","https://x.com/DraftAnakITB/status/1868238314655871043","1804409229442453505","DraftAnakITB"
"1868236729385148861","Sun Dec 15 10:08:41 +0000 2024","0","itb!","1868236729385148861","","","qst","Ganesha, Jatinangor, Cirebon","0","0","0","https://x.com/DraftAnakITB/status/1868236729385148861","1804409229442453505","DraftAnakITB"
"1867993880810901843","Sat Dec 14 18:03:41 +0000 2024","39","itb! Sender sedang merenung apakah ikut kader ukm yang baru saja mau oprec? Sender tertarik dari sejak oskm tapi terpikir berkali-kali jika harus forum berjam-jam dengan isi forum yang tidak straight to the point","1867993880810901843","","","in","Ganesha, Jatinangor, Cirebon","2","3","1","https://x.com/DraftAnakITB/status/1867993880810901843","1804409229442453505","DraftAnakITB"
"1867980799326269742","Sat Dec 14 17:11:42 +0000 2024","5","bucin! 09 immanuel dapet salam dari kursi penonton katanya udah ada yang punya belum?","1867980799326269742","","","in","Ganesha, Jatinangor, Cirebon","1","0","0","https://x.com/DraftAnakITB/status/1867980799326269742","1804409229442453505","DraftAnakITB"
"1867980157471936902","Sat Dec 14 17:09:09 +0000 2024","26","maba! top 4 tifo terbaik TPB CUP tahun ini menurut sender:","1867980157471936902","","","in","Ganesha, Jatinangor, Cirebon","3","6","0","https://x.com/DraftAnakITB/status/1867980157471936902","1804409229442453505","DraftAnakITB"
"1867931686643581065","Sat Dec 14 13:56:33 +0000 2024","0","bucin! Livi sbm ada cowoo gaaa","1867931686643581065","","","in","Ganesha, Jatinangor, Cirebon","0","5","0","https://x.com/DraftAnakITB/status/1867931686643581065","1804409229442453505","DraftAnakITB"
"1867929622546981080","Sat Dec 14 13:48:21 +0000 2024","161","itb! Respek buat fttm yang nyanyi dari awal sampai akhir dan belajar dari kesalahan sebelumnya. Semoga lebih kompak lagi!!","1867929622546981080","","","in","Ganesha, Jatinangor, Cirebon","5","0","24","https://x.com/DraftAnakITB/status/1867929622546981080","1804409229442453505","DraftAnakITB"
"1867920555900375498","Sat Dec 14 13:12:19 +0000 2024","123","Fttm menang LAGI kugembira syalalalalala maba!","1867920555900375498","","","in","Ganesha, Jatinangor, Cirebon","9","8","36","https://x.com/DraftAnakITB/status/1867920555900375498","1804409229442453505","DraftAnakITB"
"1867914617424318833","Sat Dec 14 12:48:43 +0000 2024","3","itb! haloo sithr nim 198241*2 selama ini cuman liat2an doang di kelas HAHA...smangat belajarnya~","1867914617424318833","","","in","Ganesha, Jatinangor, Cirebon","2","0","0","https://x.com/DraftAnakITB/status/1867914617424318833","1804409229442453505","DraftAnakITB"
"1867909012416614755","Sat Dec 14 12:26:27 +0000 2024","2","bucin! 004 steir . hiii you re cute :D","1867909012416614755","","","en","Ganesha, Jatinangor, Cirebon","2","2","0","https://x.com/DraftAnakITB/status/1867909012416614755","1804409229442453505","DraftAnakITB"
"1867898648001933442","Sat Dec 14 11:45:16 +0000 2024","0","itb! Dijual... Acer swift 3 infinity 4","1867898648001933442","","","in","Ganesha, Jatinangor, Cirebon","0","2","0","https://x.com/DraftAnakITB/status/1867898648001933442","1804409229442453505","DraftAnakITB"
"1867897225138880657","Sat Dec 14 11:39:36 +0000 2024","2","misuh! u were once said that ill always live forever in your art. but what are we now?","1867897225138880657","","","en","Ganesha, Jatinangor, Cirebon","2","0","0","https://x.com/DraftAnakITB/status/1867897225138880657","1804409229442453505","DraftAnakITB"
"1867896433262629356","Sat Dec 14 11:36:28 +0000 2024","14","itb! Suara kalian penting! Aku lagi bikin platform kolaborasi akademik untuk mahasiswa ITB. Isi surveinya di https://t.co/JUiW2LHbD0. Suka lupa tandai hadir? Punya keluhan terkait SIX? Ceritain! https://t.co/3oaTO1fiss","1867896433262629356","https://pbs.twimg.com/media/GewZ6DCXgAAt_-K.jpg","","in","Ganesha, Jatinangor, Cirebon","1","0","1","https://x.com/DraftAnakITB/status/1867896433262629356","1804409229442453505","DraftAnakITB"
"1867895346417881134","Sat Dec 14 11:32:09 +0000 2024","23","itb! kakak kakak TL info kira batas aman ipk masuk tl brapa ya... makasih:)","1867895346417881134","","","in","Ganesha, Jatinangor, Cirebon","0","5","1","https://x.com/DraftAnakITB/status/1867895346417881134","1804409229442453505","DraftAnakITB"
"1867885111368147361","Sat Dec 14 10:51:28 +0000 2024","0","itb! ditemukan kunci hilang di simpang tubis 6 bagi yang merasa boleh chat id line mattvg","1867885111368147361","","","in","Ganesha, Jatinangor, Cirebon","0","0","0","https://x.com/DraftAnakITB/status/1867885111368147361","1804409229442453505","DraftAnakITB"
"1867884244644577600","Sat Dec 14 10:48:02 +0000 2024","30","itb! bang kalo gitu solatnya kapan bang","1867884244644577600","","","in","Ganesha, Jatinangor, Cirebon","1","0","1","https://x.com/DraftAnakITB/status/1867884244644577600","1804409229442453505","DraftAnakITB"
"1867625164243910667","Fri Dec 13 17:38:32 +0000 2024","33","GOOD JOB maba! SITH-R DAN TPB FSRD ","1867625164243910667","","","en","Ganesha, Jatinangor, Cirebon","1","0","1","https://x.com/DraftAnakITB/status/1867625164243910667","1804409229442453505","DraftAnakITB"
"1867624743962042871","Fri Dec 13 17:36:52 +0000 2024","10","maba! sbm gacor","1867624743962042871","","","tl","Ganesha, Jatinangor, Cirebon","1","1","0","https://x.com/DraftAnakITB/status/1867624743962042871","1804409229442453505","DraftAnakITB"
"1867621089305579912","Fri Dec 13 17:22:21 +0000 2024","3","bucin! 16924181 imoet bgt uda ada pawang belum? ","1867621089305579912","","","in","Ganesha, Jatinangor, Cirebon","3","0","0","https://x.com/DraftAnakITB/status/1867621089305579912","1804409229442453505","DraftAnakITB"
"1867618819625070886","Fri Dec 13 17:13:19 +0000 2024","23","itb! rusuh bgt yg gendut item gw cuma nonton tapi kesel bgt liatnya","1867618819625070886","","","in","Ganesha, Jatinangor, Cirebon","0","0","1","https://x.com/DraftAnakITB/status/1867618819625070886","1804409229442453505","DraftAnakITB"
"1867613343382421990","Fri Dec 13 16:51:34 +0000 2024","0","bucin! 19824020 tipe gua tp susah bgt diajak ngobrol / sekedar becanda doang ky awkward bgt¬ø","1867613343382421990","","","in","Ganesha, Jatinangor, Cirebon","0","0","0","https://x.com/DraftAnakITB/status/1867613343382421990","1804409229442453505","DraftAnakITB"
"1866786806433296532","Wed Dec 11 10:07:12 +0000 2024","34","bucin! junot sites warna rambut barunya bagus jadi lucuk skaliii sukaak mw sm cwok ga yah ","1866786806433296532","","","in","Ganesha, Jatinangor, Cirebon","6","5","1","https://x.com/DraftAnakITB/status/1866786806433296532","1804409229442453505","DraftAnakITB"
"1866534702506471488","Tue Dec 10 17:25:26 +0000 2024","55","itb! emang boleh gebukin orang sampe babak belur karna nga terima kalah?","1866534702506471488","","","in","Ganesha, Jatinangor, Cirebon","10","4","2","https://x.com/DraftAnakITB/status/1866534702506471488","1804409229442453505","DraftAnakITB"
"1866527919629099506","Tue Dec 10 16:58:29 +0000 2024","209","itb! cape banget ternyata selain akademik (jebol wkwk) sosial juga susah (only have a few close friends) give me a reason to survive?","1866527919629099506","","","in","Ganesha, Jatinangor, Cirebon","7","12","11","https://x.com/DraftAnakITB/status/1866527919629099506","1804409229442453505","DraftAnakITB"
"1866527822040240394","Tue Dec 10 16:58:05 +0000 2024","3","bucin! gue udah suka lu dari tahun lalu... tapi gue bener bener ngga ada kesempatan ya?","1866527822040240394","","","in","Ganesha, Jatinangor, Cirebon","1","0","0","https://x.com/DraftAnakITB/status/1866527822040240394","1804409229442453505","DraftAnakITB"
"1866519292755255692","Tue Dec 10 16:24:12 +0000 2024","71","bucin! jatuh cinta tuh ternyata seruu bangett yaaa rasanya seneng bangett walau cuma dapet perhatian kecill","1866519292755255692","","","in","Ganesha, Jatinangor, Cirebon","3","2","3","https://x.com/DraftAnakITB/status/1866519292755255692","1804409229442453505","DraftAnakITB"
"1866512627372880276","Tue Dec 10 15:57:43 +0000 2024","41","bucin! bisa ga chat an lgi biar gk stress bgt jgn beneran asing gini","1866512627372880276","","","in","Ganesha, Jatinangor, Cirebon","0","3","4","https://x.com/DraftAnakITB/status/1866512627372880276","1804409229442453505","DraftAnakITB"
"1866507432958005693","Tue Dec 10 15:37:04 +0000 2024","6","maba! denger denger uas pengkom gaada itu bener ga yaa?","1866507432958005693","","","in","Ganesha, Jatinangor, Cirebon","4","5","0","https://x.com/DraftAnakITB/status/1866507432958005693","1804409229442453505","DraftAnakITB"
"1866458493173031383","Tue Dec 10 12:22:36 +0000 2024","56","itb! kakak2 apa bener ya kalo misal pilih jurusan a buat pil 1 b buat pil 2 c buat pil 3. terus nilainya ga bersaing buat masuk ke a terus ternyata b kuotanya sudah cukup bakal bisa kelempar ke c walaupun nilai bisa masuk ke b?","1866458493173031383","","","in","Ganesha, Jatinangor, Cirebon","12","11","2","https://x.com/DraftAnakITB/status/1866458493173031383","1804409229442453505","DraftAnakITB"
"1866457061082456315","Tue Dec 10 12:16:55 +0000 2024","4","bucin! abil yellboys sama aku aja gasi rawr ","1866457061082456315","","","in","Ganesha, Jatinangor, Cirebon","2","4","0","https://x.com/DraftAnakITB/status/1866457061082456315","1804409229442453505","DraftAnakITB"
"1866454869801902371","Tue Dec 10 12:08:12 +0000 2024","53","bucin! Karena tembok kita yang begitu tinggi aku jadi makin semangat buat ngejar mimpi dan be the best version of myself. Terima kasih sudah menjadi motivasiku. Sampai jumpa di titik terbaik kita.","1866454869801902371","","","in","Ganesha, Jatinangor, Cirebon","1","2","2","https://x.com/DraftAnakITB/status/1866454869801902371","1804409229442453505","DraftAnakITB"
"1866454376715346117","Tue Dec 10 12:06:15 +0000 2024","1750","edisi itb! wrapped nih ada yg mau nambahin?* https://t.co/HjoSgdrHBa","1866454376715346117","https://pbs.twimg.com/media/Geb6XT7XcAEvs0E.jpg","","in","Ganesha, Jatinangor, Cirebon","126","24","132","https://x.com/DraftAnakITB/status/1866454376715346117","1804409229442453505","DraftAnakITB"
"1866447093969170876","Tue Dec 10 11:37:18 +0000 2024","4","bucin! info cewe 169 yang blm taken dongg","1866447093969170876","","","in","Ganesha, Jatinangor, Cirebon","5","2","0","https://x.com/DraftAnakITB/status/1866447093969170876","1804409229442453505","DraftAnakITB"
"1866446372037140873","Tue Dec 10 11:34:26 +0000 2024","0","bucin! 13423025 lo mirip sama hts-an gw pas smp ","1866446372037140873","","","in","Ganesha, Jatinangor, Cirebon","0","0","0","https://x.com/DraftAnakITB/status/1866446372037140873","1804409229442453505","DraftAnakITB"
"1866439113957581059","Tue Dec 10 11:05:36 +0000 2024","1","maba! Aku wts chempro 2024 dong masih disegel 70k aja boleh nego yaaa","1866439113957581059","","","in","Ganesha, Jatinangor, Cirebon","0","1","0","https://x.com/DraftAnakITB/status/1866439113957581059","1804409229442453505","DraftAnakITB"
"1866437114046332995","Tue Dec 10 10:57:39 +0000 2024","2","bucin! kaka asisten agama kristen yang A udah ada yg punya belum??","1866437114046332995","","","in","Ganesha, Jatinangor, Cirebon","1","1","0","https://x.com/DraftAnakITB/status/1866437114046332995","1804409229442453505","DraftAnakITB"
"1866435679086858262","Tue Dec 10 10:51:57 +0000 2024","1","maba! Ada yang tau tempat laundry yg bisa buat setrika aja di nangor?","1866435679086858262","","","in","Ganesha, Jatinangor, Cirebon","0","0","0","https://x.com/DraftAnakITB/status/1866435679086858262","1804409229442453505","DraftAnakITB"
"1866426860327854222","Tue Dec 10 10:16:54 +0000 2024","0","bucin! ada yang mau ngobrol/cerita sama sender? sender cowo rep aja nnti sender chat.","1866426860327854222","","","in","Ganesha, Jatinangor, Cirebon","0","8","0","https://x.com/DraftAnakITB/status/1866426860327854222","1804409229442453505","DraftAnakITB"
"1866425568188661790","Tue Dec 10 10:11:46 +0000 2024","2","itb! Info dong kalo ada yang nemu Xiaomi Pad 6 sama chargernya di GKUT kelas 9222 senin kemarin sebelumnya makasih banyak ","1866425568188661790","","","in","Ganesha, Jatinangor, Cirebon","0","0","0","https://x.com/DraftAnakITB/status/1866425568188661790","1804409229442453505","DraftAnakITB"
"1866424481649988066","Tue Dec 10 10:07:27 +0000 2024","0","itb! singkat padat emang XXX siapa? .... dikutip dari bapak dosen yang terhormat waktu kelas siang tadi maaf pak saya memang tidak se-op mahasiswa2 bapak yang bapak anggap jenius itu https://t.co/JwTEkgOGCS","1866424481649988066","","","in","Ganesha, Jatinangor, Cirebon","0","0","0","https://x.com/DraftAnakITB/status/1866424481649988066","1804409229442453505","DraftAnakITB"
"1866162275301679336","Mon Dec 09 16:45:32 +0000 2024","7","maba! Sender penerima kipk batch 2 katanya yang ukt semester 1 itu bakal dibalikin ya gais? Itu gimana prosedurnya? Soalnya yang sender terima masih biaya hidup yang ukt semester 1 belum dibalikin....","1866162275301679336","","","in","Ganesha, Jatinangor, Cirebon","0","1","0","https://x.com/DraftAnakITB/status/1866162275301679336","1804409229442453505","DraftAnakITB"
"1866160164929257739","Mon Dec 09 16:37:09 +0000 2024","11","bucin! buat cewe fti nim 16724349 ada yg mau kenalan nichhh dari fttm","1866160164929257739","","","in","Ganesha, Jatinangor, Cirebon","0","2","1","https://x.com/DraftAnakITB/status/1866160164929257739","1804409229442453505","DraftAnakITB"
"1866146372459679760","Mon Dec 09 15:42:21 +0000 2024","3","itb! guys info di mana tempat beli per/pegas di nangor ","1866146372459679760","","","in","Ganesha, Jatinangor, Cirebon","0","2","0","https://x.com/DraftAnakITB/status/1866146372459679760","1804409229442453505","DraftAnakITB"
"1866144943296713180","Mon Dec 09 15:36:40 +0000 2024","16","itb! guys ada yg tau ga ya po enamel pin madam eva kelanjutannya gmn? belum ada info smpe sekarang..","1866144943296713180","","","in","Ganesha, Jatinangor, Cirebon","0","2","3","https://x.com/DraftAnakITB/status/1866144943296713180","1804409229442453505","DraftAnakITB"
"1865822792622448804","Sun Dec 08 18:16:33 +0000 2024","7","bucin! 16624135 gpp koo kamu udah keren tadii gausaa dipeduliin ya omongan yang lain good job btw lu keren tapi dah ada pacar ","1865822792622448804","","","in","Ganesha, Jatinangor, Cirebon","5","4","1","https://x.com/DraftAnakITB/status/1865822792622448804","1804409229442453505","DraftAnakITB"
"1865820210143387928","Sun Dec 08 18:06:18 +0000 2024","8","itb! Buat yang kmrn dapet penurunan ukt cara minta uangnya dibalikin tuh gimana yaa? Pls tolomg reply di komen aku mau nanya2","1865820210143387928","","","in","Ganesha, Jatinangor, Cirebon","0","1","0","https://x.com/DraftAnakITB/status/1865820210143387928","1804409229442453505","DraftAnakITB"
"1865818297217757205","Sun Dec 08 17:58:41 +0000 2024","10","itb! saran psikolog di nangor yang bisa konsul soal gangguan tidur dong","1865818297217757205","","","in","Ganesha, Jatinangor, Cirebon","0","3","0","https://x.com/DraftAnakITB/status/1865818297217757205","1804409229442453505","DraftAnakITB"
"1865814412356894845","Sun Dec 08 17:43:15 +0000 2024","116","bucin! Pengen gitu perkuliahan ada genre romance nya ","1865814412356894845","","","in","Ganesha, Jatinangor, Cirebon","18","5","19","https://x.com/DraftAnakITB/status/1865814412356894845","1804409229442453505","DraftAnakITB"
"1865812310855393618","Sun Dec 08 17:34:54 +0000 2024","25","itb! vinoo sithr24 you did a great jobbb dan keren bangett smangat selalu yaa ","1865812310855393618","","","in","Ganesha, Jatinangor, Cirebon","2","0","0","https://x.com/DraftAnakITB/status/1865812310855393618","1804409229442453505","DraftAnakITB"
"1865810763673125108","Sun Dec 08 17:28:45 +0000 2024","31","itb! maba! misuh! bucin! itb! ga menang ga kalah gelud wae si eta mah wkwkwkw kacaww itb!","1865810763673125108","","","in","Ganesha, Jatinangor, Cirebon","1","1","0","https://x.com/DraftAnakITB/status/1865810763673125108","1804409229442453505","DraftAnakITB"
"1865806143634718737","Sun Dec 08 17:10:24 +0000 2024","2","bucin! gw angkatan 18 udah lulus dan udah kerja juga.","1865806143634718737","","","in","Ganesha, Jatinangor, Cirebon","2","5","0","https://x.com/DraftAnakITB/status/1865806143634718737","1804409229442453505","DraftAnakITB"
"1865805498194289103","Sun Dec 08 17:07:50 +0000 2024","0","itb! Yang cowo ada yang punya jas gak? Klo ada mau minjem dongg urgent","1865805498194289103","","","in","Ganesha, Jatinangor, Cirebon","0","1","1","https://x.com/DraftAnakITB/status/1865805498194289103","1804409229442453505","DraftAnakITB"
"1865805410256474441","Sun Dec 08 17:07:29 +0000 2024","0","bucin! 16624105 masih single kah? Sender pengen kenalan!","1865805410256474441","","","in","Ganesha, Jatinangor, Cirebon","0","0","0","https://x.com/DraftAnakITB/status/1865805410256474441","1804409229442453505","DraftAnakITB"
"1865795352156078489","Sun Dec 08 16:27:31 +0000 2024","183","itb! GILAAA RISPEEKK BANGET SAMA FTTM TYFONYA GACORRR","1865795352156078489","","","in","Ganesha, Jatinangor, Cirebon","15","2","47","https://x.com/DraftAnakITB/status/1865795352156078489","1804409229442453505","DraftAnakITB"
"1865781437535756601","Sun Dec 08 15:32:13 +0000 2024","8","Anak itb! Ayo main we listen &amp; we don't judge TPB Edition!","1865781437535756601","","","en","Ganesha, Jatinangor, Cirebon","14","0","0","https://x.com/DraftAnakITB/status/1865781437535756601","1804409229442453505","DraftAnakITB"
"1865761907279323214","Sun Dec 08 14:14:37 +0000 2024","5","bucin! lo apa kabar? update sesuatu dong gw kangen.","1865761907279323214","","","in","Ganesha, Jatinangor, Cirebon","0","0","0","https://x.com/DraftAnakITB/status/1865761907279323214","1804409229442453505","DraftAnakITB"
"1865761451589198134","Sun Dec 08 14:12:48 +0000 2024","91","itb! Udah cape kasi effort tapi akhirnya kecoret ukm tuh sedih bnget yaa astaga :(","1865761451589198134","","","in","Ganesha, Jatinangor, Cirebon","8","3","6","https://x.com/DraftAnakITB/status/1865761451589198134","1804409229442453505","DraftAnakITB"
"1865760160561385505","Sun Dec 08 14:07:41 +0000 2024","2","itb! ada yang tau gak pengembalian dana hasil keringanan ukt prosesnya berapa lama ?","1865760160561385505","","","in","Ganesha, Jatinangor, Cirebon","0","3","0","https://x.com/DraftAnakITB/status/1865760160561385505","1804409229442453505","DraftAnakITB"
"1865758484936994827","Sun Dec 08 14:01:01 +0000 2024","1","Help me! Lagi sakit dan butuh buat beli obat tapi jatah buat bulan ini belum dikasih mana belum makan juga. Cry :( itb!","1865758484936994827","","","in","Ganesha, Jatinangor, Cirebon","0","4","0","https://x.com/DraftAnakITB/status/1865758484936994827","1804409229442453505","DraftAnakITB"
"1865757448583221635","Sun Dec 08 13:56:54 +0000 2024","2","bucin! nak futsal tpbfsrd nopung 11 udah punya pacar belom? TLONG SEGERA INFOKAN","1865757448583221635","","","in","Ganesha, Jatinangor, Cirebon","1","1","0","https://x.com/DraftAnakITB/status/1865757448583221635","1804409229442453505","DraftAnakITB"
"1865732879038443806","Sun Dec 08 12:19:16 +0000 2024","19","Halo mahasiswa ITB! bagi yang membutuhkan dana beasiswa untuk kebutuhanmu - silahkan isi form di bio kami (@BeasiswaJ)","1865732879038443806","","","in","Ganesha, Jatinangor, Cirebon","0","0","5","https://x.com/DraftAnakITB/status/1865732879038443806","1804409229442453505","DraftAnakITB"
"1865452883505803425","Sat Dec 07 17:46:40 +0000 2024","9","bucin! Guys mau minta sarannya dong menurut kalian better balikan sama mantan hts or coba sama yang baru ya?? Kalo balikan ke hts ga ada kepastian gitu","1865452883505803425","","","in","Ganesha, Jatinangor, Cirebon","2","12","0","https://x.com/DraftAnakITB/status/1865452883505803425","1804409229442453505","DraftAnakITB"
"1865443230969377043","Sat Dec 07 17:08:19 +0000 2024","2","bucin! anak entre yang tadi jualan maba ya? cakep euy mau kenalan dong","1865443230969377043","","","in","Ganesha, Jatinangor, Cirebon","1","1","0","https://x.com/DraftAnakITB/status/1865443230969377043","1804409229442453505","DraftAnakITB"
"1865432081104273789","Sat Dec 07 16:24:00 +0000 2024","3","itb! ada yang bisa ngajarin fisika tidak:((","1865432081104273789","","","in","Ganesha, Jatinangor, Cirebon","0","0","0","https://x.com/DraftAnakITB/status/1865432081104273789","1804409229442453505","DraftAnakITB"
"1865430219433091401","Sat Dec 07 16:16:36 +0000 2024","5","bucin! Gw dari day 1 udah salfok bgt sama meidy cabejes sumpah udah ada cewe blom puh","1865430219433091401","","","in","Ganesha, Jatinangor, Cirebon","0","3","0","https://x.com/DraftAnakITB/status/1865430219433091401","1804409229442453505","DraftAnakITB"
"1865428840580894787","Sat Dec 07 16:11:08 +0000 2024","1","bucin! 16024357 +2 kita kaya dinda kirana dan petrus mahendra tapi kebalikannya","1865428840580894787","","","in","Ganesha, Jatinangor, Cirebon","1","0","0","https://x.com/DraftAnakITB/status/1865428840580894787","1804409229442453505","DraftAnakITB"
"1865425083864383511","Sat Dec 07 15:56:12 +0000 2024","100","itb! hari ini bumi diinjak terus","1865425083864383511","","","in","Ganesha, Jatinangor, Cirebon","16","6","10","https://x.com/DraftAnakITB/status/1865425083864383511","1804409229442453505","DraftAnakITB"
"1865416701292011913","Sat Dec 07 15:22:54 +0000 2024","1","bucin! 196240** kemana aja? Kok deact semua akun kangen","1865416701292011913","","","in","Ganesha, Jatinangor, Cirebon","1","0","0","https://x.com/DraftAnakITB/status/1865416701292011913","1804409229442453505","DraftAnakITB"
"1865408611297411341","Sat Dec 07 14:50:45 +0000 2024","21","itb! congrats fmipa keren kalian! btw yg cosplay pake baju batik sama tutup kepala pink nyentrik tp lucu juga cantik lagi lebih lucu kita kenalan","1865408611297411341","","","in","Ganesha, Jatinangor, Cirebon","0","1","0","https://x.com/DraftAnakITB/status/1865408611297411341","1804409229442453505","DraftAnakITB"
"1865408380115796346","Sat Dec 07 14:49:50 +0000 2024","0","16424165 lucu bgtt ada niatan nyari cewe ga? bucin!","1865408380115796346","","","in","Ganesha, Jatinangor, Cirebon","0","0","0","https://x.com/DraftAnakITB/status/1865408380115796346","1804409229442453505","DraftAnakITB"
"1865404179830686123","Sat Dec 07 14:33:08 +0000 2024","0","bucin! ihacoy 161241*1 you are so attractive","1865404179830686123","","","en","Ganesha, Jatinangor, Cirebon","0","0","0","https://x.com/DraftAnakITB/status/1865404179830686123","1804409229442453505","DraftAnakITB"
"1865404137057223080","Sat Dec 07 14:32:58 +0000 2024","1","itb! Nadhif 168 thank you for singing at my birthday even tho it was in my dream. ive never seen you smile brightly","1865404137057223080","","","en","Ganesha, Jatinangor, Cirebon","1","0","0","https://x.com/DraftAnakITB/status/1865404137057223080","1804409229442453505","DraftAnakITB"
"1865394859751727411","Sat Dec 07 13:56:06 +0000 2024","13","itb! ada yg punya solusi (atau pernah ngerjain) no.15 aplikasi integral-tutorial 7 ga ya? terkhususnya bagian b. Thanks!","1865394859751727411","","","in","Ganesha, Jatinangor, Cirebon","0","1","0","https://x.com/DraftAnakITB/status/1865394859751727411","1804409229442453505","DraftAnakITB"
"1865387887493062733","Sat Dec 07 13:28:24 +0000 2024","1","bucin! Juwa sites WuhLuhWuh bukan yah ","1865387887493062733","","","in","Ganesha, Jatinangor, Cirebon","3","2","0","https://x.com/DraftAnakITB/status/1865387887493062733","1804409229442453505","DraftAnakITB"
"1865381761250623642","Sat Dec 07 13:04:03 +0000 2024","6","cheryl ftsl kira kira mau ga sama cowo beda fakultas???? bucin!","1865381761250623642","","","in","Ganesha, Jatinangor, Cirebon","1","0","0","https://x.com/DraftAnakITB/status/1865381761250623642","1804409229442453505","DraftAnakITB"
"1865381607768457277","Sat Dec 07 13:03:27 +0000 2024","3","bucin! 312 ftmd Is there a girl belonging your heart ? You are too attractive in my eyes to not to admire","1865381607768457277","","","en","Ganesha, Jatinangor, Cirebon","0","1","0","https://x.com/DraftAnakITB/status/1865381607768457277","1804409229442453505","DraftAnakITB"
"1865380973799469273","Sat Dec 07 13:00:55 +0000 2024","2","bucin! 13622006 udh ada yg punya belum?","1865380973799469273","","","in","Ganesha, Jatinangor, Cirebon","0","0","0","https://x.com/DraftAnakITB/status/1865380973799469273","1804409229442453505","DraftAnakITB"
"1865378222008943038","Sat Dec 07 12:49:59 +0000 2024","3","Hallo! yang tanggal 7/12/24 ke upno sumur bandung &amp; duduk di deket jendela warna biru nemuin samsung pen tab warna biru gakk? Kalau ada yg nemu plis reply yaah! Makasih banyak T_T itb!","1865378222008943038","","","in","Ganesha, Jatinangor, Cirebon","0","0","0","https://x.com/DraftAnakITB/status/1865378222008943038","1804409229442453505","DraftAnakITB"
"1865068325643972802","Fri Dec 06 16:18:34 +0000 2024","4","itb! Ini ada barang ketinggalan di CWS Gane mungkin ada yang ngerasa punya? https://t.co/dPedGQ0qR6","1865068325643972802","https://pbs.twimg.com/media/GeINwfZXcAESGjY.jpg","","in","Ganesha, Jatinangor, Cirebon","0","5","0","https://x.com/DraftAnakITB/status/1865068325643972802","1804409229442453505","DraftAnakITB"
"1865062142891688084","Fri Dec 06 15:54:00 +0000 2024","8","bucin! medik olim cantik kok gk pernah liat lagi","1865062142891688084","","","in","Ganesha, Jatinangor, Cirebon","2","1","0","https://x.com/DraftAnakITB/status/1865062142891688084","1804409229442453505","DraftAnakITB"
"1865060529095463406","Fri Dec 06 15:47:35 +0000 2024","158","itb! gasendra fitb kerenn gua harap bisa selalu seperti itu.","1865060529095463406","","","in","Ganesha, Jatinangor, Cirebon","15","0","55","https://x.com/DraftAnakITB/status/1865060529095463406","1804409229442453505","DraftAnakITB"
"1865050029414658299","Fri Dec 06 15:05:52 +0000 2024","102","itb! kata gw panit tpb cup klo kerja yg bener sih flop amat","1865050029414658299","","","in","Ganesha, Jatinangor, Cirebon","2","5","4","https://x.com/DraftAnakITB/status/1865050029414658299","1804409229442453505","DraftAnakITB"
"1865044290193240337","Fri Dec 06 14:43:04 +0000 2024","4","misuh! It's been a year (3 days ago actually) that we not together anymore but still it feels sucks... i can stop everything in my head till now all the memories pain hearts it's mixed","1865044290193240337","","","en","Ganesha, Jatinangor, Cirebon","0","0","0","https://x.com/DraftAnakITB/status/1865044290193240337","1804409229442453505","DraftAnakITB"
"1865043773798912035","Fri Dec 06 14:41:01 +0000 2024","0","bucin! Thank you for today!","1865043773798912035","","","en","Ganesha, Jatinangor, Cirebon","0","0","0","https://x.com/DraftAnakITB/status/1865043773798912035","1804409229442453505","DraftAnakITB"
"1865042545555706300","Fri Dec 06 14:36:08 +0000 2024","5","itb! Haloo semua ada yang preloved kalkulator scientific? kalkulator sender kmren mati tabungan sender blm cukup untuk beli yg baru tapi butuh dan gamau minjem minjem lagi krn repotin infoin ya","1865042545555706300","","","in","Ganesha, Jatinangor, Cirebon","0","5","0","https://x.com/DraftAnakITB/status/1865042545555706300","1804409229442453505","DraftAnakITB"
"1865033434227253658","Fri Dec 06 13:59:56 +0000 2024","0","itb! info dong akt 23 24 yang anak kalbar thanks!","1865033434227253658","","","in","Ganesha, Jatinangor, Cirebon","0","7","0","https://x.com/DraftAnakITB/status/1865033434227253658","1804409229442453505","DraftAnakITB"
"1865028610513322250","Fri Dec 06 13:40:45 +0000 2024","54","itb! Dalam rangka meramaikan gsg tim musik TPB FSRD mengadakan acara tampil kecil kecilan buat SEMUA FAKULTAS acara ini sifatnya terbuka jadi klo kamu tau lagu yang dimainin nanti jangan ragu buat ikut nonton yaa Acara ini berlangsung setiap Senin dari jam 2-5 ya! https://t.co/OclzXQw7DD","1865028610513322250","https://pbs.twimg.com/media/GeHpowkWkAANMsh.jpg","","in","Ganesha, Jatinangor, Cirebon","3","0","12","https://x.com/DraftAnakITB/status/1865028610513322250","1804409229442453505","DraftAnakITB"
"1865026779448061989","Fri Dec 06 13:33:29 +0000 2024","2601","itb! bro pikir ini jalan milik nenek moyang dia https://t.co/FhN8co7DsR","1865026779448061989","https://pbs.twimg.com/media/GeHn-InXoAABVS4.jpg","","in","Ganesha, Jatinangor, Cirebon","31","26","171","https://x.com/DraftAnakITB/status/1865026779448061989","1804409229442453505","DraftAnakITB"
"1865026353692840053","Fri Dec 06 13:31:47 +0000 2024","12","Salam Perkenalkan saya Agnes Sianipar staf pendidik di Fakultas Psikologi Universitas Indonesia. Bersama tim NONPHARM Project di Vrije Universiteit Amsterdam kami sedang melakukan penelitian survei mengenai Aspek-aspek kognitif dan lingkungan yang memicu perasaan tertentu . https://t.co/ekTlCzagM4","1865026353692840053","https://pbs.twimg.com/media/GeHnkAZakAUwM_8.jpg","","in","Ganesha, Jatinangor, Cirebon","0","0","0","https://x.com/DraftAnakITB/status/1865026353692840053","1804409229442453505","DraftAnakITB"
"1865026033755230539","Fri Dec 06 13:30:31 +0000 2024","3","apakah ftmd itb! ada kadwil nya???","1865026033755230539","","","in","Ganesha, Jatinangor, Cirebon","0","0","0","https://x.com/DraftAnakITB/status/1865026033755230539","1804409229442453505","DraftAnakITB"
"1865025865668599950","Fri Dec 06 13:29:51 +0000 2024","17","itb! ip aman masuk sipil range berapaan dah gw telat banget nemu cara belajar yang efektif uts noop banget","1865025865668599950","","","in","Ganesha, Jatinangor, Cirebon","0","5","0","https://x.com/DraftAnakITB/status/1865025865668599950","1804409229442453505","DraftAnakITB"
"1865017567053525351","Fri Dec 06 12:56:52 +0000 2024","0","itb! Halo gais boleh tolong bantu sender dengan isi kuisioner ini khusunya yang di ganesha yaa makasii^^","1865017567053525351","","","in","Ganesha, Jatinangor, Cirebon","0","0","0","https://x.com/DraftAnakITB/status/1865017567053525351","1804409229442453505","DraftAnakITB"
"1865016949714960556","Fri Dec 06 12:54:25 +0000 2024","2","bucin! woi inisial r belakangnya n sbm 27 gw suka sama lu kenapa lu suka org lain","1865016949714960556","","","in","Ganesha, Jatinangor, Cirebon","0","1","0","https://x.com/DraftAnakITB/status/1865016949714960556","1804409229442453505","DraftAnakITB"
"1865014749794046463","Fri Dec 06 12:45:41 +0000 2024","7","https://t.co/5K3ZAZzcyK kapan itb! punya pasar seni lagi ya?","1865014749794046463","","","in","Ganesha, Jatinangor, Cirebon","0","1","0","https://x.com/DraftAnakITB/status/1865014749794046463","1804409229442453505","DraftAnakITB"
"1865013122748018753","Fri Dec 06 12:39:13 +0000 2024","29","itb! ùóïùóò ùó£ùó•ùóòùóßùóßùó¨ ùóïùóò ùóõùóòùóîùóüùóßùóõùó¨ ùóïùóò ùó£ùó¢ùó™ùóòùó•ùóôùó®ùóü! ","1865013122748018753","","","en","Ganesha, Jatinangor, Cirebon","0","1","5","https://x.com/DraftAnakITB/status/1865013122748018753","1804409229442453505","DraftAnakITB"
"1864973709229871423","Fri Dec 06 10:02:36 +0000 2024","0","itb! OPEN JASTIP JAKARTAXBEAUTY 2024 https://t.co/7Z2ahoqEUT","1864973709229871423","https://pbs.twimg.com/media/GeG3tGHWAAA8gzv.jpg","","en","Ganesha, Jatinangor, Cirebon","0","1","0","https://x.com/DraftAnakITB/status/1864973709229871423","1804409229442453505","DraftAnakITB"
"1864743889782919487","Thu Dec 05 18:49:23 +0000 2024","62","maba! stress banget nilai angka sepatu ukt rata kanan pls kasi saran cara mencari uang sbg maba gw kasian bgt sm ortu uda tua dan mau pensiun ms hrs nanggung gw sm adek gw yg smp ","1864743889782919487","","","in","Ganesha, Jatinangor, Cirebon","0","3","2","https://x.com/DraftAnakITB/status/1864743889782919487","1804409229442453505","DraftAnakITB"
"1864742797330239841","Thu Dec 05 18:45:02 +0000 2024","0","bucin! thank you for the memories!","1864742797330239841","","","en","Ganesha, Jatinangor, Cirebon","0","0","1","https://x.com/DraftAnakITB/status/1864742797330239841","1804409229442453505","DraftAnakITB"
"1864723505733939622","Thu Dec 05 17:28:23 +0000 2024","116","itb! wajar ga si kalau gua cape karena emang dapet banyak pressure disini... :)","1864723505733939622","","","in","Ganesha, Jatinangor, Cirebon","4","2","9","https://x.com/DraftAnakITB/status/1864723505733939622","1804409229442453505","DraftAnakITB"
"1864712110963343439","Thu Dec 05 16:43:06 +0000 2024","57","bucin! anjeng gua suka sama temen sendiri anjeng baper gw","1864712110963343439","","","in","Ganesha, Jatinangor, Cirebon","4","5","8","https://x.com/DraftAnakITB/status/1864712110963343439","1804409229442453505","DraftAnakITB"
"1864706400707805517","Thu Dec 05 16:20:25 +0000 2024","1","bucin! 16324272 boleh naksir gaak..","1864706400707805517","","","in","Ganesha, Jatinangor, Cirebon","0","2","0","https://x.com/DraftAnakITB/status/1864706400707805517","1804409229442453505","DraftAnakITB"
"1864704181581250616","Thu Dec 05 16:11:36 +0000 2024","31","misuh! sometimes i miss you. most of the time i remember how horrible you were but sometimes i miss you. still cannot change the facts doe","1864704181581250616","","","en","Ganesha, Jatinangor, Cirebon","1","0","3","https://x.com/DraftAnakITB/status/1864704181581250616","1804409229442453505","DraftAnakITB"
"1864688649733816531","Thu Dec 05 15:09:52 +0000 2024","9","bucin! hans 164 ditunggu hari minggu ya bocah ganteng pinter lucu imut&lt;3 -fakul sebelah","1864688649733816531","","","in","Ganesha, Jatinangor, Cirebon","0","1","0","https://x.com/DraftAnakITB/status/1864688649733816531","1804409229442453505","DraftAnakITB"
"1864680717948494188","Thu Dec 05 14:38:21 +0000 2024","14","aduh minimal jangan pake ai art dong misuh!","1864680717948494188","","","in","Ganesha, Jatinangor, Cirebon","1","0","0","https://x.com/DraftAnakITB/status/1864680717948494188","1804409229442453505","DraftAnakITB"
"1864675822377881873","Thu Dec 05 14:18:54 +0000 2024","2","bucin! Nadhif 168 punya cewek gak sekarang?","1864675822377881873","","","in","Ganesha, Jatinangor, Cirebon","2","2","0","https://x.com/DraftAnakITB/status/1864675822377881873","1804409229442453505","DraftAnakITB"
"1864672514921668948","Thu Dec 05 14:05:46 +0000 2024","31","itb! Apa fakultas/jurusan paling tidak ramah untuk nonhim?","1864672514921668948","","","in","Ganesha, Jatinangor, Cirebon","2","3","0","https://x.com/DraftAnakITB/status/1864672514921668948","1804409229442453505","DraftAnakITB"
"1864667119083802877","Thu Dec 05 13:44:19 +0000 2024","0","bucin! kia 197 udh punya pawang blumm?","1864667119083802877","","","in","Ganesha, Jatinangor, Cirebon","1","0","0","https://x.com/DraftAnakITB/status/1864667119083802877","1804409229442453505","DraftAnakITB"
"1864660472970064203","Thu Dec 05 13:17:55 +0000 2024","0","bucin! ftsl 019 gantengggggg bangettttt 08 berapa mas??","1864660472970064203","","","in","Ganesha, Jatinangor, Cirebon","0","0","0","https://x.com/DraftAnakITB/status/1864660472970064203","1804409229442453505","DraftAnakITB"
"1864660290912051290","Thu Dec 05 13:17:11 +0000 2024","1","itb! Ada yang mau nonton cinta dalam ikhlas di bioskop bareng ga yaa ? Temenku klo diajak nonton pd mau moana klo ga wicked ) klo ada kindly replay yaa sender cewe btw","1864660290912051290","","","in","Ganesha, Jatinangor, Cirebon","0","2","0","https://x.com/DraftAnakITB/status/1864660290912051290","1804409229442453505","DraftAnakITB"
"1864649963277324689","Thu Dec 05 12:36:09 +0000 2024","6","maba! 16724216 lg suka sm org ga","1864649963277324689","","","in","Ganesha, Jatinangor, Cirebon","0","4","0","https://x.com/DraftAnakITB/status/1864649963277324689","1804409229442453505","DraftAnakITB"
"1864649934324093170","Thu Dec 05 12:36:02 +0000 2024","3","itb! hai disini ada yang pesan merchandise himatek gak yaa? kok gaada kejelasan sama sekali terakhir chat dibilang ada masalah samaa vendornyaa tapi sekarang sampe 5 desember belum ada kabar lagi","1864649934324093170","","","in","Ganesha, Jatinangor, Cirebon","1","1","0","https://x.com/DraftAnakITB/status/1864649934324093170","1804409229442453505","DraftAnakITB"
"1864646422982770699","Thu Dec 05 12:22:05 +0000 2024","9","itb! ayo kita sama-sama berdonasi&lt;3 https://t.co/dfGFoXojnP","1864646422982770699","https://pbs.twimg.com/media/GeCOCiUX0AAYiPd.jpg","","in","Ganesha, Jatinangor, Cirebon","0","0","0","https://x.com/DraftAnakITB/status/1864646422982770699","1804409229442453505","DraftAnakITB"
"1864614767698010523","Thu Dec 05 10:16:18 +0000 2024","20","itb! kalau perhitungan indeks sendiri (lewat kalku indeks) biasanya bisa meleset ga ya sama aslinya (kayak nilai tugas ghoib)?","1864614767698010523","","","in","Ganesha, Jatinangor, Cirebon","1","1","1","https://x.com/DraftAnakITB/status/1864614767698010523","1804409229442453505","DraftAnakITB"
"1864612637666930726","Thu Dec 05 10:07:50 +0000 2024","5","itb! Untuk kating steik yang gacor abiez spill dong perbedaan STI dan IF. Sender lagi bingung nih mending jurusan apa","1864612637666930726","","","in","Ganesha, Jatinangor, Cirebon","0","1","0","https://x.com/DraftAnakITB/status/1864612637666930726","1804409229442453505","DraftAnakITB"
"1864611360811655563","Thu Dec 05 10:02:45 +0000 2024","6","itb! Info dong apa ada komunitas TCG di kampus itb ganesha atau jatinangor kalau ada mau ikut nimbrung hehe ","1864611360811655563","","","in","Ganesha, Jatinangor, Cirebon","1","2","0","https://x.com/DraftAnakITB/status/1864611360811655563","1804409229442453505","DraftAnakITB"
"1864358136770920778","Wed Dec 04 17:16:32 +0000 2024","57","itb! ftmd alay bgt sih pake jepang an sok an ngatain tukang parkir pulak hadeuh.... alay","1864358136770920778","","","in","Ganesha, Jatinangor, Cirebon","16","20","1","https://x.com/DraftAnakITB/status/1864358136770920778","1804409229442453505","DraftAnakITB"
"1864345137741963393","Wed Dec 04 16:24:53 +0000 2024","4","maba! hehe bikin stiker tulisan fans windah basudara donggg mau beliii","1864345137741963393","","","in","Ganesha, Jatinangor, Cirebon","1","1","0","https://x.com/DraftAnakITB/status/1864345137741963393","1804409229442453505","DraftAnakITB"
"1864338495743119717","Wed Dec 04 15:58:29 +0000 2024","5","spill spotify wrapped anak itb! donggggg","1864338495743119717","","","en","Ganesha, Jatinangor, Cirebon","12","1","0","https://x.com/DraftAnakITB/status/1864338495743119717","1804409229442453505","DraftAnakITB"
"1864335824394862873","Wed Dec 04 15:47:52 +0000 2024","1","itb! DAPET 100.000 CUMA KLIK LINK!?!?","1864335824394862873","","","in","Ganesha, Jatinangor, Cirebon","0","1","0","https://x.com/DraftAnakITB/status/1864335824394862873","1804409229442453505","DraftAnakITB"
"1864324872580513922","Wed Dec 04 15:04:21 +0000 2024","0","bucin! stei-r 180 dapet salam dari ang atas bagi line kali zah","1864324872580513922","","","in","Ganesha, Jatinangor, Cirebon","0","1","0","https://x.com/DraftAnakITB/status/1864324872580513922","1804409229442453505","DraftAnakITB"
"1864323629325902042","Wed Dec 04 14:59:25 +0000 2024","6","itb! Haloo kalau mau liat info2 beasiswa biasanya dimana ya?? Terutama yg S2 makasiih","1864323629325902042","","","in","Ganesha, Jatinangor, Cirebon","0","2","0","https://x.com/DraftAnakITB/status/1864323629325902042","1804409229442453505","DraftAnakITB"
"1864309685974667509","Wed Dec 04 14:04:00 +0000 2024","4","itb! GUYS yakali ga jajan jajanan murah tp enak inii cuss langsung aja isi formnya (ada di reply)","1864309685974667509","","","in","Ganesha, Jatinangor, Cirebon","0","4","0","https://x.com/DraftAnakITB/status/1864309685974667509","1804409229442453505","DraftAnakITB"
"1864307668967477512","Wed Dec 04 13:56:00 +0000 2024","0","bucin! Juan EP'23 udah ada yang punya belum yaa jujur salting banget pas kemarin diajarinn....","1864307668967477512","","","in","Ganesha, Jatinangor, Cirebon","1","3","0","https://x.com/DraftAnakITB/status/1864307668967477512","1804409229442453505","DraftAnakITB"
"1864305425438368158","Wed Dec 04 13:47:05 +0000 2024","108","itb! Gw capek bangsattttt","1864305425438368158","","","in","Ganesha, Jatinangor, Cirebon","2","1","52","https://x.com/DraftAnakITB/status/1864305425438368158","1804409229442453505","DraftAnakITB"
"1864300814954606955","Wed Dec 04 13:28:45 +0000 2024","0","bucin! raiya sbm 25 cantik bgt! mau dong kenalan whwhw","1864300814954606955","","","in","Ganesha, Jatinangor, Cirebon","0","3","0","https://x.com/DraftAnakITB/status/1864300814954606955","1804409229442453505","DraftAnakITB"
"1864300422543909312","Wed Dec 04 13:27:12 +0000 2024","0","bucin! 13223##8 kapan kamu membuka hati agar menjadi cowokku","1864300422543909312","","","in","Ganesha, Jatinangor, Cirebon","0","1","0","https://x.com/DraftAnakITB/status/1864300422543909312","1804409229442453505","DraftAnakITB"
"1864292756060852613","Wed Dec 04 12:56:44 +0000 2024","22","maba! https://t.co/T7Zv3Z0lEC","1864292756060852613","https://pbs.twimg.com/media/Gd9MYWdWwAAYrwO.jpg","","tl","Ganesha, Jatinangor, Cirebon","1","1","1","https://x.com/DraftAnakITB/status/1864292756060852613","1804409229442453505","DraftAnakITB"
"1864287070509740507","Wed Dec 04 12:34:09 +0000 2024","2","itb! Kenapa sampe deact acc","1864287070509740507","","","in","Ganesha, Jatinangor, Cirebon","1","0","1","https://x.com/DraftAnakITB/status/1864287070509740507","1804409229442453505","DraftAnakITB"
"1864283171988066654","Wed Dec 04 12:18:39 +0000 2024","18","Kakak kakak SF yang baik dan budiman... sender maba! masih butuh jabaran bedanya STF dan FKK apa ya terutama di matkul dan praktikumnya","1864283171988066654","","","in","Ganesha, Jatinangor, Cirebon","1","3","0","https://x.com/DraftAnakITB/status/1864283171988066654","1804409229442453505","DraftAnakITB"
"1864282746849317134","Wed Dec 04 12:16:58 +0000 2024","11","itb! anon bot kok udah ga bisa ya gua gabut banget butuh temen chattan WKWKWK atau kalo ada yang mau ngobrol rep pls","1864282746849317134","","","in","Ganesha, Jatinangor, Cirebon","0","4","0","https://x.com/DraftAnakITB/status/1864282746849317134","1804409229442453505","DraftAnakITB"
"1864250567662686301","Wed Dec 04 10:09:06 +0000 2024","169","keos tubes anjengggggggg itb!","1864250567662686301","","","in","Ganesha, Jatinangor, Cirebon","12","8","62","https://x.com/DraftAnakITB/status/1864250567662686301","1804409229442453505","DraftAnakITB"
"1863995356259684354","Tue Dec 03 17:14:58 +0000 2024","0","maba! info anak ftsl yg tau semua temen seangkatannya dong","1863995356259684354","","","in","Ganesha, Jatinangor, Cirebon","0","2","0","https://x.com/DraftAnakITB/status/1863995356259684354","1804409229442453505","DraftAnakITB"
"1863989628522439099","Tue Dec 03 16:52:13 +0000 2024","0","itb! butuh temen ngobroll anyone","1863989628522439099","","","in","Ganesha, Jatinangor, Cirebon","0","3","0","https://x.com/DraftAnakITB/status/1863989628522439099","1804409229442453505","DraftAnakITB"
"1863987094059647018","Tue Dec 03 16:42:09 +0000 2024","27","bucin! ini yang gue takutin asing.","1863987094059647018","","","in","Ganesha, Jatinangor, Cirebon","2","1","1","https://x.com/DraftAnakITB/status/1863987094059647018","1804409229442453505","DraftAnakITB"
"1863985414773571784","Tue Dec 03 16:35:28 +0000 2024","4","maba! ryan fitb keren bangett deh hehe","1863985414773571784","","","in","Ganesha, Jatinangor, Cirebon","3","1","2","https://x.com/DraftAnakITB/status/1863985414773571784","1804409229442453505","DraftAnakITB"
"1863983408629579998","Tue Dec 03 16:27:30 +0000 2024","1","itb! sender ngerasa gabisa apa apa di praktikum jurusan sender udah berusaha sebisa sender tapi kayak selalu aja ada kesalahan sender jadi gak punya percaya diri setiap praktikum","1863983408629579998","","","in","Ganesha, Jatinangor, Cirebon","0","1","0","https://x.com/DraftAnakITB/status/1863983408629579998","1804409229442453505","DraftAnakITB"
"1863978335245578262","Tue Dec 03 16:07:20 +0000 2024","209","itb! Elektro telekomunikasi tenaga listrik biomedis. Mending mana yah puhh steir. Jujur bingung bgt.","1863978335245578262","","","in","Ganesha, Jatinangor, Cirebon","35","35","8","https://x.com/DraftAnakITB/status/1863978335245578262","1804409229442453505","DraftAnakITB"
"1863971556197572952","Tue Dec 03 15:40:24 +0000 2024","49","ga rekomended banget ternyata naksir kating itb!","1863971556197572952","","","in","Ganesha, Jatinangor, Cirebon","16","5","4","https://x.com/DraftAnakITB/status/1863971556197572952","1804409229442453505","DraftAnakITB"
"1863969995174072775","Tue Dec 03 15:34:12 +0000 2024","1","anonbot itb! lagi rusak kah??","1863969995174072775","","","in","Ganesha, Jatinangor, Cirebon","0","0","0","https://x.com/DraftAnakITB/status/1863969995174072775","1804409229442453505","DraftAnakITB"
